<?xml version="1.0" encoding="UTF-8"?>
<project-private xmlns="http://www.netbeans.org/ns/project-private/1">
    <editor-bookmarks xmlns="http://www.netbeans.org/ns/editor-bookmarks/2" lastBookmarkId="0"/>
    <open-files xmlns="http://www.netbeans.org/ns/projectui-open-files/2">
        <group>
            <file>file:/D:/LibraryManagementSystem/src/librarymanagementsystem/ReturnBook.java</file>
            <file>file:/D:/LibraryManagementSystem/src/librarymanagementsystem/IssueBook.java</file>
            <file>file:/D:/LibraryManagementSystem/src/librarymanagementsystem/AddStudent.java</file>
            <file>file:/D:/LibraryManagementSystem/src/librarymanagementsystem/conn.java</file>
            <file>file:/D:/LibraryManagementSystem/src/librarymanagementsystem/AddBook.java</file>
        </group>
    </open-files>
</project-private>
